-- phpMyAdmin SQL Dump
-- version 5.0.2
-- https://www.phpmyadmin.net/
--
-- Servidor: 127.0.0.1:3306
-- Tiempo de generación: 21-03-2021 a las 11:56:08
-- Versión del servidor: 5.7.31
-- Versión de PHP: 7.3.21

SET SQL_MODE = "NO_AUTO_VALUE_ON_ZERO";
START TRANSACTION;
SET time_zone = "+00:00";


/*!40101 SET @OLD_CHARACTER_SET_CLIENT=@@CHARACTER_SET_CLIENT */;
/*!40101 SET @OLD_CHARACTER_SET_RESULTS=@@CHARACTER_SET_RESULTS */;
/*!40101 SET @OLD_COLLATION_CONNECTION=@@COLLATION_CONNECTION */;
/*!40101 SET NAMES utf8mb4 */;

--
-- Base de datos: `empleados`
--
DROP DATABASE IF EXISTS empleados;
CREATE DATABASE IF NOT EXISTS empleados;
USE empleados;


-- --------------------------------------------------------

--
-- Estructura de tabla para la tabla `departments`
--

DROP TABLE IF EXISTS `departments`;
CREATE TABLE IF NOT EXISTS `departments` (
  `dept_no` char(4) NOT NULL,
  `dept_name` varchar(40) NOT NULL,
  PRIMARY KEY (`dept_no`),
  UNIQUE KEY `dept_name` (`dept_name`)
) ENGINE=InnoDB DEFAULT CHARSET=latin1;

--
-- Volcado de datos para la tabla `departments`
--

INSERT INTO `departments` (`dept_no`, `dept_name`) VALUES
('d009', 'Customer Service'),
('d005', 'Development'),
('d002', 'Finance'),
('d003', 'Human Resources'),
('d001', 'Marketing'),
('d004', 'Production'),
('d006', 'Quality Management'),
('d008', 'Research'),
('d007', 'Sales');

-- --------------------------------------------------------

--
-- Estructura de tabla para la tabla `dept_emp`
--

DROP TABLE IF EXISTS `dept_emp`;
CREATE TABLE IF NOT EXISTS `dept_emp` (
  `emp_no` int(11) NOT NULL,
  `dept_no` char(4) NOT NULL,
  `from_date` datetime NOT NULL,
  `to_date` datetime NOT NULL,
  PRIMARY KEY (`emp_no`,`dept_no`,`from_date`),
  KEY `dept_no` (`dept_no`)
) ENGINE=InnoDB DEFAULT CHARSET=latin1;

--
-- Volcado de datos para la tabla `dept_emp`
--

INSERT INTO `dept_emp` (`emp_no`, `dept_no`, `from_date`, `to_date`) VALUES
(10001, 'd005', '1986-06-26 00:00:00', '9999-01-01 00:00:00'),
(10002, 'd007', '1996-08-03 00:00:00', '9999-01-01 00:00:00'),
(10003, 'd004', '1995-12-03 00:00:00', '9999-01-01 00:00:00'),
(10004, 'd004', '1986-12-01 00:00:00', '9999-01-01 00:00:00'),
(10005, 'd003', '1989-09-12 00:00:00', '9999-01-01 00:00:00'),
(10006, 'd005', '1990-08-05 00:00:00', '9999-01-01 00:00:00'),
(10007, 'd008', '1989-02-10 00:00:00', '9999-01-01 00:00:00'),
(10008, 'd005', '1998-03-11 00:00:00', '2000-07-31 00:00:00'),
(10009, 'd006', '1985-02-18 00:00:00', '9999-01-01 00:00:00'),
(10010, 'd004', '1996-11-24 00:00:00', '2000-06-26 00:00:00'),
(10010, 'd006', '2000-06-26 00:00:00', '9999-01-01 00:00:00'),
(10011, 'd009', '1990-01-22 00:00:00', '1996-11-09 00:00:00'),
(10012, 'd005', '1992-12-18 00:00:00', '9999-01-01 00:00:00'),
(10013, 'd003', '1985-10-20 00:00:00', '9999-01-01 00:00:00'),
(10014, 'd005', '1993-12-29 00:00:00', '9999-01-01 00:00:00'),
(10015, 'd008', '1992-09-19 00:00:00', '1993-08-22 00:00:00'),
(10016, 'd007', '1998-02-11 00:00:00', '9999-01-01 00:00:00'),
(10017, 'd001', '1993-08-03 00:00:00', '9999-01-01 00:00:00'),
(10018, 'd004', '1992-07-29 00:00:00', '9999-01-01 00:00:00'),
(10018, 'd005', '1987-04-03 00:00:00', '1992-07-29 00:00:00'),
(10019, 'd008', '1999-04-30 00:00:00', '9999-01-01 00:00:00'),
(10020, 'd004', '1997-12-30 00:00:00', '9999-01-01 00:00:00');

-- --------------------------------------------------------

--
-- Estructura de tabla para la tabla `dept_manager`
--

DROP TABLE IF EXISTS `dept_manager`;
CREATE TABLE IF NOT EXISTS `dept_manager` (
  `emp_no` int(11) NOT NULL,
  `dept_no` char(4) NOT NULL,
  `from_date` datetime NOT NULL,
  `to_date` datetime NOT NULL,
  PRIMARY KEY (`emp_no`,`dept_no`,`from_date`),
  KEY `dept_no` (`dept_no`)
) ENGINE=InnoDB DEFAULT CHARSET=latin1;

-- --------------------------------------------------------

--
-- Estructura de tabla para la tabla `employees`
--

DROP TABLE IF EXISTS `employees`;
CREATE TABLE IF NOT EXISTS `employees` (
  `emp_no` int(11) NOT NULL,
  `birth_date` date NOT NULL,
  `first_name` varchar(14) NOT NULL,
  `last_name` varchar(16) NOT NULL,
  `gender` enum('M','F') NOT NULL,
  `hire_date` date NOT NULL,
  PRIMARY KEY (`emp_no`)
) ENGINE=InnoDB DEFAULT CHARSET=latin1;

--
-- Volcado de datos para la tabla `employees`
--

INSERT INTO `employees` (`emp_no`, `birth_date`, `first_name`, `last_name`, `gender`, `hire_date`) VALUES
(10001, '1953-09-02', 'Georgi', 'Facello', 'M', '1986-06-26'),
(10002, '1964-06-02', 'Bezalel', 'Simmel', 'F', '1985-11-21'),
(10003, '1959-12-03', 'Parto', 'Bamford', 'M', '1986-08-28'),
(10004, '1954-05-01', 'Chirstian', 'Koblick', 'M', '1986-12-01'),
(10005, '1955-01-21', 'Kyoichi', 'Maliniak', 'M', '1989-09-12'),
(10006, '1953-04-20', 'Anneke', 'Preusig', 'F', '1989-06-02'),
(10007, '1957-05-23', 'Tzvetan', 'Zielinski', 'F', '1989-02-10'),
(10008, '1958-02-19', 'Saniya', 'Kalloufi', 'M', '1994-09-15'),
(10009, '1952-04-19', 'Sumant', 'Peac', 'F', '1985-02-18'),
(10010, '1963-06-01', 'Duangkaew', 'Piveteau', 'F', '1989-08-24'),
(10011, '1953-11-07', 'Mary', 'Sluis', 'F', '1990-01-22'),
(10012, '1960-10-04', 'Patricio', 'Bridgland', 'M', '1992-12-18'),
(10013, '1963-06-07', 'Eberhardt', 'Terkki', 'M', '1985-10-20'),
(10014, '1956-02-12', 'Berni', 'Genin', 'M', '1987-03-11'),
(10015, '1959-08-19', 'Guoxiang', 'Nooteboom', 'M', '1987-07-02'),
(10016, '1961-05-02', 'Kazuhito', 'Cappelletti', 'M', '1995-01-27'),
(10017, '1958-07-06', 'Cristinel', 'Bouloucos', 'F', '1993-08-03'),
(10018, '1954-06-19', 'Kazuhide', 'Peha', 'F', '1987-04-03'),
(10019, '1953-01-23', 'Lillian', 'Haddadi', 'M', '1999-04-30'),
(10020, '1952-12-24', 'Mayuko', 'Warwick', 'M', '1991-01-26');

-- --------------------------------------------------------

--
-- Estructura de tabla para la tabla `salaries`
--

DROP TABLE IF EXISTS `salaries`;
CREATE TABLE IF NOT EXISTS `salaries` (
  `emp_no` int(11) NOT NULL,
  `salary` int(11) NOT NULL,
  `from_date` datetime NOT NULL,
  `to_date` datetime NOT NULL,
  PRIMARY KEY (`emp_no`,`from_date`)
) ENGINE=InnoDB DEFAULT CHARSET=latin1;

--
-- Volcado de datos para la tabla `salaries`
--

INSERT INTO `salaries` (`emp_no`, `salary`, `from_date`, `to_date`) VALUES
(10001, 60117, '1986-06-26 00:00:00', '1987-06-26 00:00:00'),
(10001, 62102, '1987-06-26 00:00:00', '1988-06-25 00:00:00'),
(10001, 66074, '1988-06-25 00:00:00', '1989-06-25 00:00:00'),
(10001, 66596, '1989-06-25 00:00:00', '1990-06-25 00:00:00'),
(10001, 66961, '1990-06-25 00:00:00', '1991-06-25 00:00:00'),
(10001, 71046, '1991-06-25 00:00:00', '1992-06-24 00:00:00'),
(10001, 74333, '1992-06-24 00:00:00', '1993-06-24 00:00:00'),
(10001, 75286, '1993-06-24 00:00:00', '1994-06-24 00:00:00'),
(10001, 75994, '1994-06-24 00:00:00', '1995-06-24 00:00:00'),
(10001, 76884, '1995-06-24 00:00:00', '1996-06-23 00:00:00'),
(10001, 80013, '1996-06-23 00:00:00', '1997-06-23 00:00:00'),
(10001, 81025, '1997-06-23 00:00:00', '1998-06-23 00:00:00'),
(10001, 81097, '1998-06-23 00:00:00', '1999-06-23 00:00:00'),
(10001, 84917, '1999-06-23 00:00:00', '2000-06-22 00:00:00'),
(10001, 85112, '2000-06-22 00:00:00', '2001-06-22 00:00:00'),
(10001, 85097, '2001-06-22 00:00:00', '2002-06-22 00:00:00'),
(10001, 88958, '2002-06-22 00:00:00', '9999-01-01 00:00:00'),
(10002, 65828, '1996-08-03 00:00:00', '1997-08-03 00:00:00'),
(10002, 65909, '1997-08-03 00:00:00', '1998-08-03 00:00:00'),
(10002, 67534, '1998-08-03 00:00:00', '1999-08-03 00:00:00'),
(10002, 69366, '1999-08-03 00:00:00', '2000-08-02 00:00:00'),
(10002, 71963, '2000-08-02 00:00:00', '2001-08-02 00:00:00'),
(10002, 72527, '2001-08-02 00:00:00', '9999-01-01 00:00:00'),
(10003, 40006, '1995-12-03 00:00:00', '1996-12-02 00:00:00'),
(10003, 43616, '1996-12-02 00:00:00', '1997-12-02 00:00:00'),
(10003, 43466, '1997-12-02 00:00:00', '1998-12-02 00:00:00'),
(10003, 43636, '1998-12-02 00:00:00', '1999-12-02 00:00:00'),
(10003, 43478, '1999-12-02 00:00:00', '2000-12-01 00:00:00'),
(10003, 43699, '2000-12-01 00:00:00', '2001-12-01 00:00:00'),
(10003, 43311, '2001-12-01 00:00:00', '9999-01-01 00:00:00'),
(10004, 40054, '1986-12-01 00:00:00', '1987-12-01 00:00:00'),
(10004, 42283, '1987-12-01 00:00:00', '1988-11-30 00:00:00'),
(10004, 42542, '1988-11-30 00:00:00', '1989-11-30 00:00:00'),
(10004, 46065, '1989-11-30 00:00:00', '1990-11-30 00:00:00'),
(10004, 48271, '1990-11-30 00:00:00', '1991-11-30 00:00:00'),
(10004, 50594, '1991-11-30 00:00:00', '1992-11-29 00:00:00'),
(10004, 52119, '1992-11-29 00:00:00', '1993-11-29 00:00:00'),
(10004, 54693, '1993-11-29 00:00:00', '1994-11-29 00:00:00'),
(10004, 58326, '1994-11-29 00:00:00', '1995-11-29 00:00:00'),
(10004, 60770, '1995-11-29 00:00:00', '1996-11-28 00:00:00'),
(10004, 62566, '1996-11-28 00:00:00', '1997-11-28 00:00:00'),
(10004, 64340, '1997-11-28 00:00:00', '1998-11-28 00:00:00'),
(10004, 67096, '1998-11-28 00:00:00', '1999-11-28 00:00:00'),
(10004, 69722, '1999-11-28 00:00:00', '2000-11-27 00:00:00'),
(10004, 70698, '2000-11-27 00:00:00', '2001-11-27 00:00:00'),
(10004, 74057, '2001-11-27 00:00:00', '9999-01-01 00:00:00'),
(10005, 78228, '1989-09-12 00:00:00', '1990-09-12 00:00:00'),
(10005, 82621, '1990-09-12 00:00:00', '1991-09-12 00:00:00'),
(10005, 83735, '1991-09-12 00:00:00', '1992-09-11 00:00:00'),
(10005, 85572, '1992-09-11 00:00:00', '1993-09-11 00:00:00'),
(10005, 85076, '1993-09-11 00:00:00', '1994-09-11 00:00:00'),
(10005, 86050, '1994-09-11 00:00:00', '1995-09-11 00:00:00'),
(10005, 88448, '1995-09-11 00:00:00', '1996-09-10 00:00:00'),
(10005, 88063, '1996-09-10 00:00:00', '1997-09-10 00:00:00'),
(10005, 89724, '1997-09-10 00:00:00', '1998-09-10 00:00:00'),
(10005, 90392, '1998-09-10 00:00:00', '1999-09-10 00:00:00'),
(10005, 90531, '1999-09-10 00:00:00', '2000-09-09 00:00:00'),
(10005, 91453, '2000-09-09 00:00:00', '2001-09-09 00:00:00'),
(10005, 94692, '2001-09-09 00:00:00', '9999-01-01 00:00:00'),
(10006, 40000, '1990-08-05 00:00:00', '1991-08-05 00:00:00'),
(10006, 42085, '1991-08-05 00:00:00', '1992-08-04 00:00:00'),
(10006, 42629, '1992-08-04 00:00:00', '1993-08-04 00:00:00'),
(10006, 45844, '1993-08-04 00:00:00', '1994-08-04 00:00:00'),
(10006, 47518, '1994-08-04 00:00:00', '1995-08-04 00:00:00'),
(10006, 47917, '1995-08-04 00:00:00', '1996-08-03 00:00:00'),
(10006, 52255, '1996-08-03 00:00:00', '1997-08-03 00:00:00'),
(10006, 53747, '1997-08-03 00:00:00', '1998-08-03 00:00:00'),
(10006, 56032, '1998-08-03 00:00:00', '1999-08-03 00:00:00'),
(10006, 58299, '1999-08-03 00:00:00', '2000-08-02 00:00:00'),
(10006, 60098, '2000-08-02 00:00:00', '2001-08-02 00:00:00'),
(10006, 59755, '2001-08-02 00:00:00', '9999-01-01 00:00:00'),
(10007, 56724, '1989-02-10 00:00:00', '1990-02-10 00:00:00'),
(10007, 60740, '1990-02-10 00:00:00', '1991-02-10 00:00:00'),
(10007, 62745, '1991-02-10 00:00:00', '1992-02-10 00:00:00'),
(10007, 63475, '1992-02-10 00:00:00', '1993-02-09 00:00:00'),
(10007, 63208, '1993-02-09 00:00:00', '1994-02-09 00:00:00'),
(10007, 64563, '1994-02-09 00:00:00', '1995-02-09 00:00:00'),
(10007, 68833, '1995-02-09 00:00:00', '1996-02-09 00:00:00'),
(10007, 70220, '1996-02-09 00:00:00', '1997-02-08 00:00:00'),
(10007, 73362, '1997-02-08 00:00:00', '1998-02-08 00:00:00'),
(10007, 75582, '1998-02-08 00:00:00', '1999-02-08 00:00:00'),
(10007, 79513, '1999-02-08 00:00:00', '2000-02-08 00:00:00'),
(10007, 80083, '2000-02-08 00:00:00', '2001-02-07 00:00:00'),
(10007, 84456, '2001-02-07 00:00:00', '2002-02-07 00:00:00'),
(10007, 88070, '2002-02-07 00:00:00', '9999-01-01 00:00:00'),
(10008, 46671, '1998-03-11 00:00:00', '1999-03-11 00:00:00'),
(10008, 48584, '1999-03-11 00:00:00', '2000-03-10 00:00:00'),
(10008, 52668, '2000-03-10 00:00:00', '2000-07-31 00:00:00'),
(10009, 60929, '1985-02-18 00:00:00', '1986-02-18 00:00:00'),
(10009, 64604, '1986-02-18 00:00:00', '1987-02-18 00:00:00'),
(10009, 64780, '1987-02-18 00:00:00', '1988-02-18 00:00:00'),
(10009, 66302, '1988-02-18 00:00:00', '1989-02-17 00:00:00'),
(10009, 69042, '1989-02-17 00:00:00', '1990-02-17 00:00:00'),
(10009, 70889, '1990-02-17 00:00:00', '1991-02-17 00:00:00'),
(10009, 71434, '1991-02-17 00:00:00', '1992-02-17 00:00:00'),
(10009, 74612, '1992-02-17 00:00:00', '1993-02-16 00:00:00'),
(10009, 76518, '1993-02-16 00:00:00', '1994-02-16 00:00:00'),
(10009, 78335, '1994-02-16 00:00:00', '1995-02-16 00:00:00'),
(10009, 80944, '1995-02-16 00:00:00', '1996-02-16 00:00:00'),
(10009, 82507, '1996-02-16 00:00:00', '1997-02-15 00:00:00'),
(10009, 85875, '1997-02-15 00:00:00', '1998-02-15 00:00:00'),
(10009, 89324, '1998-02-15 00:00:00', '1999-02-15 00:00:00'),
(10009, 90668, '1999-02-15 00:00:00', '2000-02-15 00:00:00'),
(10009, 93507, '2000-02-15 00:00:00', '2001-02-14 00:00:00'),
(10009, 94443, '2001-02-14 00:00:00', '2002-02-14 00:00:00'),
(10009, 94409, '2002-02-14 00:00:00', '9999-01-01 00:00:00'),
(10010, 72488, '1996-11-24 00:00:00', '1997-11-24 00:00:00'),
(10010, 74347, '1997-11-24 00:00:00', '1998-11-24 00:00:00'),
(10010, 75405, '1998-11-24 00:00:00', '1999-11-24 00:00:00'),
(10010, 78194, '1999-11-24 00:00:00', '2000-11-23 00:00:00'),
(10010, 79580, '2000-11-23 00:00:00', '2001-11-23 00:00:00'),
(10010, 80324, '2001-11-23 00:00:00', '9999-01-01 00:00:00'),
(10011, 42365, '1990-01-22 00:00:00', '1991-01-22 00:00:00'),
(10011, 44200, '1991-01-22 00:00:00', '1992-01-22 00:00:00'),
(10011, 48214, '1992-01-22 00:00:00', '1993-01-21 00:00:00'),
(10011, 50927, '1993-01-21 00:00:00', '1994-01-21 00:00:00'),
(10011, 51470, '1994-01-21 00:00:00', '1995-01-21 00:00:00'),
(10011, 54545, '1995-01-21 00:00:00', '1996-01-21 00:00:00'),
(10011, 56753, '1996-01-21 00:00:00', '1996-11-09 00:00:00'),
(10012, 40000, '1992-12-18 00:00:00', '1993-12-18 00:00:00'),
(10012, 41867, '1993-12-18 00:00:00', '1994-12-18 00:00:00'),
(10012, 42318, '1994-12-18 00:00:00', '1995-12-18 00:00:00'),
(10012, 44195, '1995-12-18 00:00:00', '1996-12-17 00:00:00'),
(10012, 46460, '1996-12-17 00:00:00', '1997-12-17 00:00:00'),
(10012, 46485, '1997-12-17 00:00:00', '1998-12-17 00:00:00'),
(10012, 47364, '1998-12-17 00:00:00', '1999-12-17 00:00:00'),
(10012, 51122, '1999-12-17 00:00:00', '2000-12-16 00:00:00'),
(10012, 54794, '2000-12-16 00:00:00', '2001-12-16 00:00:00'),
(10012, 54423, '2001-12-16 00:00:00', '9999-01-01 00:00:00'),
(10013, 40000, '1985-10-20 00:00:00', '1986-10-20 00:00:00'),
(10013, 40623, '1986-10-20 00:00:00', '1987-10-20 00:00:00'),
(10013, 40561, '1987-10-20 00:00:00', '1988-10-19 00:00:00'),
(10013, 40306, '1988-10-19 00:00:00', '1989-10-19 00:00:00'),
(10013, 43569, '1989-10-19 00:00:00', '1990-10-19 00:00:00'),
(10013, 46305, '1990-10-19 00:00:00', '1991-10-19 00:00:00'),
(10013, 47118, '1991-10-19 00:00:00', '1992-10-18 00:00:00'),
(10013, 50351, '1992-10-18 00:00:00', '1993-10-18 00:00:00'),
(10013, 49887, '1993-10-18 00:00:00', '1994-10-18 00:00:00'),
(10013, 53957, '1994-10-18 00:00:00', '1995-10-18 00:00:00'),
(10013, 57590, '1995-10-18 00:00:00', '1996-10-17 00:00:00'),
(10013, 59228, '1996-10-17 00:00:00', '1997-10-17 00:00:00'),
(10013, 59571, '1997-10-17 00:00:00', '1998-10-17 00:00:00'),
(10013, 63274, '1998-10-17 00:00:00', '1999-10-17 00:00:00'),
(10013, 63352, '1999-10-17 00:00:00', '2000-10-16 00:00:00'),
(10013, 66744, '2000-10-16 00:00:00', '2001-10-16 00:00:00'),
(10013, 68901, '2001-10-16 00:00:00', '9999-01-01 00:00:00'),
(10014, 46168, '1993-12-29 00:00:00', '1994-12-29 00:00:00'),
(10014, 48242, '1994-12-29 00:00:00', '1995-12-29 00:00:00'),
(10014, 47921, '1995-12-29 00:00:00', '1996-12-28 00:00:00'),
(10014, 50715, '1996-12-28 00:00:00', '1997-12-28 00:00:00'),
(10014, 53228, '1997-12-28 00:00:00', '1998-12-28 00:00:00'),
(10014, 53962, '1998-12-28 00:00:00', '1999-12-28 00:00:00'),
(10014, 56937, '1999-12-28 00:00:00', '2000-12-27 00:00:00'),
(10014, 59142, '2000-12-27 00:00:00', '2001-12-27 00:00:00'),
(10014, 60598, '2001-12-27 00:00:00', '9999-01-01 00:00:00'),
(10015, 40000, '1992-09-19 00:00:00', '1993-08-22 00:00:00'),
(10016, 70889, '1998-02-11 00:00:00', '1999-02-11 00:00:00'),
(10016, 72946, '1999-02-11 00:00:00', '2000-02-11 00:00:00'),
(10016, 76826, '2000-02-11 00:00:00', '2001-02-10 00:00:00'),
(10016, 76381, '2001-02-10 00:00:00', '2002-02-10 00:00:00'),
(10016, 77935, '2002-02-10 00:00:00', '9999-01-01 00:00:00'),
(10017, 71380, '1993-08-03 00:00:00', '1994-08-03 00:00:00'),
(10017, 75538, '1994-08-03 00:00:00', '1995-08-03 00:00:00'),
(10017, 79510, '1995-08-03 00:00:00', '1996-08-02 00:00:00'),
(10017, 82163, '1996-08-02 00:00:00', '1997-08-02 00:00:00'),
(10017, 86157, '1997-08-02 00:00:00', '1998-08-02 00:00:00'),
(10017, 89619, '1998-08-02 00:00:00', '1999-08-02 00:00:00'),
(10017, 91985, '1999-08-02 00:00:00', '2000-08-01 00:00:00'),
(10017, 96122, '2000-08-01 00:00:00', '2001-08-01 00:00:00'),
(10017, 98522, '2001-08-01 00:00:00', '2002-08-01 00:00:00'),
(10017, 99651, '2002-08-01 00:00:00', '9999-01-01 00:00:00'),
(10018, 55881, '1987-04-03 00:00:00', '1988-04-02 00:00:00'),
(10018, 59206, '1988-04-02 00:00:00', '1989-04-02 00:00:00'),
(10018, 61361, '1989-04-02 00:00:00', '1990-04-02 00:00:00'),
(10018, 61648, '1990-04-02 00:00:00', '1991-04-02 00:00:00'),
(10018, 61217, '1991-04-02 00:00:00', '1992-04-01 00:00:00'),
(10018, 61244, '1992-04-01 00:00:00', '1993-04-01 00:00:00'),
(10018, 63286, '1993-04-01 00:00:00', '1994-04-01 00:00:00'),
(10018, 65739, '1994-04-01 00:00:00', '1995-04-01 00:00:00'),
(10018, 67519, '1995-04-01 00:00:00', '1996-03-31 00:00:00'),
(10018, 69276, '1996-03-31 00:00:00', '1997-03-31 00:00:00'),
(10018, 72585, '1997-03-31 00:00:00', '1998-03-31 00:00:00'),
(10018, 72804, '1998-03-31 00:00:00', '1999-03-31 00:00:00'),
(10018, 76957, '1999-03-31 00:00:00', '2000-03-30 00:00:00'),
(10018, 80305, '2000-03-30 00:00:00', '2001-03-30 00:00:00'),
(10018, 84541, '2001-03-30 00:00:00', '2002-03-30 00:00:00'),
(10018, 84672, '2002-03-30 00:00:00', '9999-01-01 00:00:00'),
(10019, 44276, '1999-04-30 00:00:00', '2000-04-29 00:00:00'),
(10019, 46946, '2000-04-29 00:00:00', '2001-04-29 00:00:00'),
(10019, 46775, '2001-04-29 00:00:00', '2002-04-29 00:00:00'),
(10019, 50032, '2002-04-29 00:00:00', '9999-01-01 00:00:00'),
(10020, 40000, '1997-12-30 00:00:00', '1998-12-30 00:00:00'),
(10020, 40647, '1998-12-30 00:00:00', '1999-12-30 00:00:00'),
(10020, 43800, '1999-12-30 00:00:00', '2000-12-29 00:00:00'),
(10020, 44927, '2000-12-29 00:00:00', '2001-12-29 00:00:00'),
(10020, 47017, '2001-12-29 00:00:00', '9999-01-01 00:00:00');

-- --------------------------------------------------------

--
-- Estructura de tabla para la tabla `titles`
--

DROP TABLE IF EXISTS `titles`;
CREATE TABLE IF NOT EXISTS `titles` (
  `emp_no` int(11) NOT NULL,
  `title` varchar(50) NOT NULL,
  `from_date` date NOT NULL,
  `to_date` date DEFAULT NULL,
  PRIMARY KEY (`emp_no`,`title`,`from_date`)
) ENGINE=InnoDB DEFAULT CHARSET=latin1;

--
-- Volcado de datos para la tabla `titles`
--

INSERT INTO `titles` (`emp_no`, `title`, `from_date`, `to_date`) VALUES
(10001, 'Senior Engineer', '1986-06-26', '9999-01-01'),
(10002, 'Staff', '1996-08-03', '9999-01-01'),
(10003, 'Senior Engineer', '1995-12-03', '9999-01-01'),
(10004, 'Engineer', '1986-12-01', '1995-12-01'),
(10004, 'Senior Engineer', '1995-12-01', '9999-01-01'),
(10005, 'Senior Staff', '1996-09-12', '9999-01-01'),
(10005, 'Staff', '1989-09-12', '1996-09-12'),
(10006, 'Senior Engineer', '1990-08-05', '9999-01-01'),
(10007, 'Senior Staff', '1996-02-11', '9999-01-01'),
(10007, 'Staff', '1989-02-10', '1996-02-11'),
(10008, 'Assistant Engineer', '1998-03-11', '2000-07-31'),
(10009, 'Assistant Engineer', '1985-02-18', '1990-02-18'),
(10009, 'Engineer', '1990-02-18', '1995-02-18'),
(10009, 'Senior Engineer', '1995-02-18', '9999-01-01'),
(10010, 'Engineer', '1996-11-24', '9999-01-01'),
(10011, 'Staff', '1990-01-22', '1996-11-09'),
(10012, 'Engineer', '1992-12-18', '2000-12-18'),
(10012, 'Senior Engineer', '2000-12-18', '9999-01-01'),
(10013, 'Senior Staff', '1985-10-20', '9999-01-01'),
(10014, 'Engineer', '1993-12-29', '9999-01-01'),
(10015, 'Senior Staff', '1992-09-19', '1993-08-22'),
(10016, 'Staff', '1998-02-11', '9999-01-01'),
(10017, 'Senior Staff', '2000-08-03', '9999-01-01'),
(10017, 'Staff', '1993-08-03', '2000-08-03'),
(10018, 'Engineer', '1987-04-03', '1995-04-03'),
(10018, 'Senior Engineer', '1995-04-03', '9999-01-01'),
(10019, 'Staff', '1999-04-30', '9999-01-01'),
(10020, 'Engineer', '1997-12-30', '9999-01-01');

--
-- Restricciones para tablas volcadas
--

--
-- Filtros para la tabla `dept_emp`
--
ALTER TABLE `dept_emp`
  ADD CONSTRAINT `dept_emp_ibfk_1` FOREIGN KEY (`emp_no`) REFERENCES `employees` (`emp_no`) ON DELETE CASCADE,
  ADD CONSTRAINT `dept_emp_ibfk_2` FOREIGN KEY (`dept_no`) REFERENCES `departments` (`dept_no`) ON DELETE CASCADE;

--
-- Filtros para la tabla `dept_manager`
--
ALTER TABLE `dept_manager`
  ADD CONSTRAINT `dept_manager_ibfk_1` FOREIGN KEY (`emp_no`) REFERENCES `employees` (`emp_no`) ON DELETE CASCADE,
  ADD CONSTRAINT `dept_manager_ibfk_2` FOREIGN KEY (`dept_no`) REFERENCES `departments` (`dept_no`) ON DELETE CASCADE;

--
-- Filtros para la tabla `salaries`
--
ALTER TABLE `salaries`
  ADD CONSTRAINT `salaries_ibfk_1` FOREIGN KEY (`emp_no`) REFERENCES `employees` (`emp_no`) ON DELETE CASCADE;

--
-- Filtros para la tabla `titles`
--
ALTER TABLE `titles`
  ADD CONSTRAINT `titles_ibfk_1` FOREIGN KEY (`emp_no`) REFERENCES `employees` (`emp_no`) ON DELETE CASCADE;
COMMIT;

/*!40101 SET CHARACTER_SET_CLIENT=@OLD_CHARACTER_SET_CLIENT */;
/*!40101 SET CHARACTER_SET_RESULTS=@OLD_CHARACTER_SET_RESULTS */;
/*!40101 SET COLLATION_CONNECTION=@OLD_COLLATION_CONNECTION */;
